image_url,title
"https://via.placeholder.com/400x300/2c5282/ffffff?text=Justin%20Timberlake%20reveals%20'debilitating'","Justin Timberlake reveals 'debilitating' secret health battle after sparking concern with 'bare minimum' shows"
"https://via.placeholder.com/400x300/2c5282/ffffff?text=David%20Beckham%20ditches%20THOSE%20tight%20white%20","David Beckham ditches THOSE tight white pants as he goes shirtless in modest board shorts during yacht trip"
"https://via.placeholder.com/400x300/2c5282/ffffff?text=Are%20designer%20air%20fryers%20the%20next%20big%20thi","Are designer air fryers the next big thing? This luxury home appliance collab is a simple hack to transform your kitchen."
"https://via.placeholder.com/400x300/2c5282/ffffff?text=Want%20support%20on%20the%20learning%20front%3F%20Thes","Want support on the learning front? These 10 incredible education brands will boost skills and opportunities fast"
"https://via.placeholder.com/400x300/2c5282/ffffff?text=Inside%20Sydney%20Sweeney's%20grueling%20exercis","Inside Sydney Sweeney's grueling exercise and diet regime as star sizzles in swimsuit alongside mystery man"
"https://via.placeholder.com/400x300/2c5282/ffffff?text=Revealed%3A%20The%20names%20most%20linked%20to%20finan","Revealed: The names most linked to financial success - so, is YOURS one of them?"
"https://via.placeholder.com/400x300/2c5282/ffffff?text='Mystery'%20girl%20who%20charmed%20the%20nation%20wh","'Mystery' girl who charmed the nation when she stood alongside Prince William on Euros podium speaks out after her identity is revealed"
"https://via.placeholder.com/400x300/2c5282/ffffff?text=Melania%20Trump's%20fashion%20favorites%3A%20First","Melania Trump's fashion favorites: First lady's most and LEAST expensive pieces revealed"
"https://via.placeholder.com/400x300/2c5282/ffffff?text=Woman%20who%20lost%20astonishing%2022%20STONE%20with","Woman who lost astonishing 22 STONE without weight loss jabs reveals why she's not embarrassed about her saggy skin in swimsuits"
"https://via.placeholder.com/400x300/2c5282/ffffff?text=Watch%20the%20shocking%20moment%20nurse%2C%2021%2C%20bre","Watch the shocking moment nurse, 21, breaks her neck during horror gym workout"
"https://via.placeholder.com/400x300/2c5282/ffffff?text=Is%20YOUR%20wife%20a%20secret%20narcissist%3F%20Expert","Is YOUR wife a secret narcissist? Expert reveals how symptoms differ in women - but are no less toxic"
"https://via.placeholder.com/400x300/2c5282/ffffff?text=Is%20THIS%20the%20diet%20that%20can%20prevent%20dement","Is THIS the diet that can prevent dementia? New study pinpoints the sorts of food your body needs to stave off memory-robbing disease"
"https://via.placeholder.com/400x300/2c5282/ffffff?text=Mounjaro%20users%20panic%20about%20going%20'cold%20t","Mounjaro users panic about going 'cold turkey' - as pharmacists warn slimming jab stocks could run out"
"https://via.placeholder.com/400x300/2c5282/ffffff?text=Revealed%3A%20What%20the%20smell%20of%20your%20BREATH%20","Revealed: What the smell of your BREATH says about you, according to science"
"https://via.placeholder.com/400x300/2c5282/ffffff?text=This%20is%20the%20surprising%20positive%20side-eff","This is the surprising positive side-effect of Mounjaro that's transforming users' lives - and why experts are now calling for slim people to get the drug"
"https://via.placeholder.com/400x300/2c5282/ffffff?text=Doctor%20warns%20of%20desperate%20and%20underweigh","Doctor warns of desperate and underweight 'Mounjaro zombies' who are so hooked on weight loss drug their body has started CANNIBALISING itself"
"https://via.placeholder.com/400x300/2c5282/ffffff?text=Dad%20who%20lost%207%20stone%20on%20Mounjaro%20reveals","Dad who lost 7 stone on Mounjaro reveals how he deals with loose skin after rapid weight loss"
"https://via.placeholder.com/400x300/2c5282/ffffff?text=Scam%20alert%3A%20Firm%20uses%20fake%20images%20of%20top","Scam alert: Firm uses fake images of top TV star to push £55-a-month weight loss treatment - could YOU have been fooled?"
"https://via.placeholder.com/400x300/2c5282/ffffff?text=The%20dentist%20knows%20the%20filthy%20secrets%20you","The dentist knows the filthy secrets you'd never dare confess just by looking at your mouth"
"https://via.placeholder.com/400x300/2c5282/ffffff?text=I%20drank%20a%20bottle%20of%20wine%20a%20night%20and%20was","I drank a bottle of wine a night and was struggling to hide my humiliating secret. Then doctors treated me with large doses of a drug NO ONE will guess... now I'm teetotal"
"https://via.placeholder.com/400x300/2c5282/ffffff?text=Mounjaro%20users%20reveal%20hardest%20side%20effec","Mounjaro users reveal hardest side effect from taking weight loss jabs: 'This is the part people don't talk about'"
"https://via.placeholder.com/400x300/2c5282/ffffff?text=Shocking%20video%20reveals%20exactly%20why%20you%20n","Shocking video reveals exactly why you need to wear SPF"
"https://via.placeholder.com/400x300/2c5282/ffffff?text=Revealed%3A%20The%20new%20device%20smaller%20than%20a%20","Revealed: The new device smaller than a grain of rice that could save thousands at risk of heart problems... and it can be installed without surgery"
"https://via.placeholder.com/400x300/2c5282/ffffff?text=Doctor%20reveals%20simple%20diet%20hack%20that%20can","Doctor reveals simple diet hack that can help you sleep better at night: 'Do it two hours before bed for the best night's sleep'"
"https://via.placeholder.com/400x300/2c5282/ffffff?text=Mother-of-one%20reveals%20secret%20whopping%2010","Mother-of-one reveals secret whopping 100lbs weight loss in just one year WITHOUT slimming jabs"
"https://via.placeholder.com/400x300/2c5282/ffffff?text=The%20areas%20most%20at%20risk%20of%20a%20measles%20outb","The areas most at risk of a measles outbreak REVEALED amid slump in MMR vaccination rates"
"https://via.placeholder.com/400x300/2c5282/ffffff?text=People%20in%20their%20EIGHTIES%20are%20using%20surro","People in their EIGHTIES are using surrogate mothers to become parents, shocking new figures reveal"
"https://via.placeholder.com/400x300/2c5282/ffffff?text=Artificial%20sweetener%20found%20in%20Diet%20Coke%20","Artificial sweetener found in Diet Coke and chewing gum could trigger puberty early, study suggests"
"https://via.placeholder.com/400x300/2c5282/ffffff?text=Secrets%20of%20ageless%20Brad%20Pitt's%20'facelift","Secrets of ageless Brad Pitt's 'facelift' shared by top plastic surgeons"
"https://via.placeholder.com/400x300/2c5282/ffffff?text=Nurse%2C%2030%2C%20thought%20she%20was%20suffering%20com","Nurse, 30, thought she was suffering common weight loss jab side effect... in fact it was a sign of cancer"
"https://via.placeholder.com/400x300/2c5282/ffffff?text=Common%20diet%20mistake%20is%20wrecking%20men's%20se","Common diet mistake is wrecking men's sexual health and ruining their fertility, experts discover"
"https://via.placeholder.com/400x300/2c5282/ffffff?text=Dieters%20lose%20MORE%20weight%20on%20lower%20doses%20","Dieters lose MORE weight on lower doses of slimming jabs - this is the precise amount that scientists found works best"
"https://via.placeholder.com/400x300/2c5282/ffffff?text=Ultimate%20guide%20to%20having%20your%20best%20sex%20E","Ultimate guide to having your best sex EVER in middle-age: Top doctor's medically-backed advice for women on how to treat the hurdles stopping you having an incredible love life"
"https://via.placeholder.com/400x300/2c5282/ffffff?text=This%20common%20nutrient%20could%20be%20the%20secret","This common nutrient could be the secret weapon against dementia-and you can add it to your diet for just 24p"
"https://via.placeholder.com/400x300/2c5282/ffffff?text=World's%20best%20lovers%2C%20revealed%3A%20Italians%20","World's best lovers, revealed: Italians top the global league, while Brits lag behind"
"https://via.placeholder.com/400x300/2c5282/ffffff?text=Man%2C%2057%2C%20who%20spent%20%C2%A3100-a-day%20on%20takeawa","Man, 57, who spent £100-a-day on takeaways unrecognisable after losing 8 stone without weight loss jabs"
"https://via.placeholder.com/400x300/2c5282/ffffff?text=I'm%2036%20but%20get%20mistaken%20for%20a%20teenager%20-","I'm 36 but get mistaken for a teenager - this is my simple secret to NEVER ageing"
"https://via.placeholder.com/400x300/2c5282/ffffff?text=All%20the%20celebrities%20who%20are%20actually%20YEA","All the celebrities who are actually YEARS younger than you think... surgeons know the shocking reason why"
"https://via.placeholder.com/400x300/2c5282/ffffff?text=Scientists%20reveal%20the%20exact%20diet%20to%20foll","Scientists reveal the exact diet to follow to stave off IBD and bowel cancer-will you make the swap?"
"https://via.placeholder.com/400x300/2c5282/ffffff?text=WeightWatchers%20back%20from%20the%20brink%20as%20co","WeightWatchers back from the brink as company brands fad diets and fat jabs like Ozempic and Mounjaro a 'quick fix'"
"https://via.placeholder.com/400x300/2c5282/ffffff?text=Revealed%3A%20Areas%20of%20the%20UK%20where%20you're%20m","Revealed: Areas of the UK where you're most likely to die young - do YOU live in one of them?"
"https://via.placeholder.com/400x300/2c5282/ffffff?text=The%20incredible%20patch%20that%20could%20complete","The incredible patch that could completely change the way doctors battle brain tumours - and it costs just £10"
"https://via.placeholder.com/400x300/2c5282/ffffff?text=Skin%20cancer%20doctor%20shares%20shocking%20video","Skin cancer doctor shares shocking video of 'worst melanoma' he's ever seen: 'They don't always look like moles'"
"https://via.placeholder.com/400x300/2c5282/ffffff?text=Doctors%20assumed%20my%20weight%20loss%20was%20becau","Doctors assumed my weight loss was because of Mounjaro - it was actually colon cancer"
"https://via.placeholder.com/400x300/2c5282/ffffff?text=Doctor%20warns%20of%20upsetting%20risk%20of%20weight","Doctor warns of upsetting risk of weight loss jabs EVERY user should know about - and reveals how to combat it"
"https://via.placeholder.com/400x300/2c5282/ffffff?text=The%20terrifying%20dark%20truth%20about%20Viagra%2C%20","The terrifying dark truth about Viagra, the shocking side effect that can leave you impotent - and whether the little blue pill will really 'turbocharge' your sexual performance: PAT HAGAN"
"https://via.placeholder.com/400x300/2c5282/ffffff?text=Revealed%3A%20Astonishing%20list%20of%20plastic%20su","Revealed: Astonishing list of plastic surgeries the Kardashians have admitted to - as Khloe confirms eye-watering thread lift procedure on her jawline"
"https://via.placeholder.com/400x300/2c5282/ffffff?text=Revealed%3A%20Britain's%20'sickest'%20area%20where","Revealed: Britain's 'sickest' area where residents become seriously ill by 52"
"https://via.placeholder.com/400x300/2c5282/ffffff?text=Top%20expert%20reveals%20shocking%20first%20sign%20o","Top expert reveals shocking first sign of type of dementia that hits in your 30s - 'patients think it's normal'"